;Round;Track;Alexander Albon;Carlos Sainz;Charles Leclerc;Daniel Ricciardo;Esteban Ocon;Fernando Alonso;George Russell;Guanyu Zhou;Kevin Magnussen;Lance Stroll;Lando Norris;Lewis Hamilton;Liam Lawson;Logan Sargeant;Max Verstappen;Nico Hulkenberg;Nyck De Vries;Oscar Piastri;Pierre Gasly;Sergio Perez;Valtteri Bottas;Yuki Tsunoda
0;1;Bahrain;1:37.144;1:37.130;1:37.170;;1:36.797;1:36.156;1:37.221;1:33.996;1:36.471;1:36.546;1:35.822;1:36.546;;1:36.037;1:36.236;1:36.616;1:37.709;1:40.691;1:35.068;1:36.344;1:37.379;1:36.637
1;2;Saudi Arabia;1:35.567;1:32.822;1:33.056;;1:33.222;1:32.240;1:32.433;1:33.894;1:33.374;1:35.140;1:34.122;1:32.941;;1:34.469;1:31.906;1:33.780;1:33.609;1:34.287;1:33.392;1:32.188;1:34.384;1:33.931
2;3;Australia;1:23.349;1:20.467;;;1:21.203;1:20.476;1:22.680;1:21.819;1:21.685;1:20.934;1:21.173;1:20.613;;1:21.456;1:20.342;1:21.124;1:21.183;1:21.335;1:20.995;1:20.235;1:22.233;1:21.789
3;4;Azerbaijan;1:45.925;1:45.175;1:44.561;;1:45.908;1:44.241;1:43.370;1:47.553;1:45.850;1:45.627;1:45.738;1:45.346;;1:46.501;1:44.232;1:46.731;1:48.781;1:45.631;1:45.540;1:44.589;1:46.304;1:45.727
4;5;Miami;1:31.852;1:31.362;1:31.434;;1:31.143;1:30.519;1:31.015;1:31.736;1:31.691;1:30.862;1:32.401;1:30.669;;1:32.384;1:29.708;1:30.901;1:31.562;1:32.006;1:31.971;1:30.560;1:31.838;1:31.038
5;6;Monaco;1:16.672;1:16.449;1:15.773;;1:16.528;1:16.674;1:16.798;1:16.926;1:18.351;1:17.769;1:17.844;1:15.650;;1:17.302;1:16.604;1:16.991;1:17.561;1:17.513;1:15.831;1:16.269;1:17.824;1:17.680
6;7;Spain;1:19.133;1:18.403;1:18.357;;1:18.946;1:18.083;1:17.875;1:18.753;1:18.069;1:18.722;1:17.182;1:16.676;;1:19.247;1:16.330;1:18.776;1:18.594;1:18.679;1:18.375;1:16.666;1:18.242;1:18.904
7;8;Canada;1:16.917;1:15.911;1:15.907;;1:16.782;1:15.779;1:17.097;1:17.090;1:16.126;1:16.564;1:16.374;1:15.396;;1:18.437;1:15.594;1:17.232;1:16.656;1:16.598;1:16.425;1:14.481;1:16.625;1:16.666
8;9;Austria;1:09.560;1:08.880;1:08.820;;1:09.797;1:09.108;1:09.283;1:09.786;1:10.176;1:08.463;1:08.739;1:09.160;;1:09.611;1:07.012;1:11.066;1:09.852;1:09.862;1:09.046;1:08.111;1:09.940;1:09.620
9;10;Great Britain;1:31.273;1:31.366;1:31.255;;1:33.941;1:31.338;1:31.124;1:31.769;1:33.356;1:31.508;1:30.543;1:30.545;;1:31.699;1:30.275;1:31.776;1:32.353;1:30.850;1:31.539;1:30.914;1:31.852;1:32.084
10;11;Hungary;1:24.051;1:22.584;1:22.469;1:23.934;;1:22.745;1:22.158;1:23.743;1:23.864;1:23.425;1:22.178;1:21.601;;1:23.496;1:20.504;1:23.573;;1:22.736;;1:22.295;1:23.651;1:23.269
11;12;Belgium;1:49.841;1:53.138;1:50.436;1:50.994;1:50.439;1:50.938;1:50.603;1:50.188;1:50.993;1:51.297;1:51.682;1:47.305;;1:50.486;1:48.922;1:49.907;;;1:50.911;1:50.308;1:50.515;1:51.394
12;13;Netherlands;1:14.468;1:14.934;1:17.277;;1:14.570;1:13.837;1:15.124;1:15.417;1:15.489;1:15.171;1:14.390;1:13.904;1:14.820;1:17.399;1:13.889;1:14.472;;1:14.299;1:14.441;1:14.231;1:14.698;1:16.253
13;14;Italy;1:26.389;1:25.501;1:25.580;;1:26.963;1:26.105;1:25.847;1:25.983;1:26.278;1:26.617;1:26.144;1:25.582;1:25.842;1:26.840;1:25.240;1:25.894;;1:25.072;1:25.758;1:25.522;1:25.988;
14;15;Singapore;1:37.342;1:37.666;1:38.275;;1:39.930;1:36.456;1:36.273;1:39.316;1:38.107;;1:38.046;1:35.867;1:39.028;1:38.531;1:36.575;1:39.923;;1:38.492;1:38.277;1:37.108;1:38.075;
15;16;Japan;1:39.185;1:36.187;1:36.362;;1:37.398;1:37.203;1:37.653;1:37.791;1:37.842;1:39.050;1:35.247;1:35.611;1:38.267;1:38.848;1:34.183;1:37.250;;1:36.328;1:36.371;1:39.704;2:02.755;1:37.768
16;17;Qatar;1:26.666;;1:24.992;;1:26.450;1:26.045;1:25.770;1:26.323;1:27.067;1:26.352;1:24.842;;1:27.113;1:27.983;1:24.319;1:26.499;;1:24.921;1:26.310;1:26.220;1:26.652;1:27.174
17;18;United States;1:41.371;1:40.034;1:41.025;1:39.366;1:44.789;1:39.954;1:39.393;1:41.879;1:41.506;1:39.908;1:39.985;1:39.582;;1:41.238;1:40.028;1:40.925;;1:42.705;1:40.412;1:39.737;1:41.972;1:38.139
18;19;Mexico;1:22.773;1:22.539;1:22.332;1:22.679;1:22.976;1:23.531;1:22.780;1:23.567;1:23.146;1:23.257;1:21.944;1:21.334;;1:23.003;1:21.644;1:23.222;;1:22.760;1:23.230;;1:23.166;1:22.501
19;20;Brazil;;1:14.406;;1:13.866;1:14.206;1:14.442;1:14.934;1:16.232;;1:14.007;1:12.486;1:14.739;;1:15.738;1:13.422;1:15.036;;1:14.310;1:14.521;1:14.124;1:15.731;1:14.231
20;21;Las Vegas;1:37.357;1:35.984;1:35.669;1:37.108;1:36.637;1:36.559;1:36.071;1:37.375;1:37.455;1:36.584;1:59.327;1:35.716;;1:37.740;1:35.614;1:37.565;;1:35.490;1:36.913;1:35.939;1:37.562;1:37.587
21;22;Abu Dhabi;1:27.845;1:29.452;1:28.199;1:28.571;1:30.033;1:28.256;1:28.187;1:28.746;1:29.934;1:28.050;1:28.164;1:28.372;;1:28.580;1:26.993;1:29.217;;1:28.138;1:29.016;1:27.493;1:29.863;1:29.256
